Nr. reviews,Nr. hotel reviews,Helpful votes,Period of stay,Traveler type,Review month,Review weekday,Member years,Pool,Gym,Tennis court,Spa,Casino,Free internet,Nr. rooms,Hotel stars,Score,Hotel name,User country,User continent
11,4,13,Dec-Feb,Friends,January,Thursday,9,NO,YES,NO,NO,YES,YES,3773,3,5,Circus Circus Hotel & Casino Las Vegas,USA,North America
119,21,75,Dec-Feb,Business,January,Friday,3,NO,YES,NO,NO,YES,YES,3773,3,3,Circus Circus Hotel & Casino Las Vegas,USA,North America
36,9,25,Mar-May,Families,February,Saturday,2,NO,YES,NO,NO,YES,YES,3773,3,5,Circus Circus Hotel & Casino Las Vegas,USA,North America
14,7,14,Mar-May,Friends,February,Friday,6,NO,YES,NO,NO,YES,YES,3773,3,4,Circus Circus Hotel & Casino Las Vegas,UK,Europe
5,5,2,Mar-May,Solo,March,Tuesday,7,NO,YES,NO,NO,YES,YES,3773,3,4,Circus Circus Hotel & Casino Las Vegas,Canada,North America
31,8,27,Mar-May,Couples,March,Tuesday,2,NO,YES,NO,NO,YES,YES,3773,3,3,Circus Circus Hotel & Casino Las Vegas,Canada,North America
45,12,46,Mar-May,Couples,April,Friday,4,NO,YES,NO,NO,YES,YES,3773,3,4,Circus Circus Hotel & Casino Las Vegas,UK,Europe
2,1,4,Mar-May,Families,April,Tuesday,0,NO,YES,NO,NO,YES,YES,3773,3,4,Circus Circus Hotel & Casino Las Vegas,USA,North America
24,3,8,Mar-May,Friends,May,Saturday,3,NO,YES,NO,NO,YES,YES,3773,3,4,Circus Circus Hotel & Casino Las Vegas,India,Asia
12,7,11,Mar-May,Families,May,Tuesday,5,NO,YES,NO,NO,YES,YES,3773,3,3,Circus Circus Hotel & Casino Las Vegas,Canada,North America
102,24,58,Jun-Aug,Families,June,Friday,9,NO,YES,NO,NO,YES,YES,3773,3,2,Circus Circus Hotel & Casino Las Vegas,USA,North America
20,9,24,Jun-Aug,Friends,June,Saturday,4,NO,YES,NO,NO,YES,YES,3773,3,3,Circus Circus Hotel & Casino Las Vegas,Australia,Oceania
7,6,9,Jun-Aug,Friends,July,Wednesday,1,NO,YES,NO,NO,YES,YES,3773,3,2,Circus Circus Hotel & Casino Las Vegas,USA,North America
22,5,13,Jun-Aug,Friends,July,Thursday,1,NO,YES,NO,NO,YES,YES,3773,3,3,Circus Circus Hotel & Casino Las Vegas,USA,North America
3,3,0,Jun-Aug,Friends,August,Sunday,1,NO,YES,NO,NO,YES,YES,3773,3,3,Circus Circus Hotel & Casino Las Vegas,UK,Europe
146,17,33,Jun-Aug,Families,August,Saturday,2,NO,YES,NO,NO,YES,YES,3773,3,4,Circus Circus Hotel & Casino Las Vegas,New Zeland,Oceania
8,8,9,Sep-Nov,Families,September,Wednesday,4,NO,YES,NO,NO,YES,YES,3773,3,1,Circus Circus Hotel & Casino Las Vegas,Canada,North America
9,3,1,Sep-Nov,Families,September,Saturday,2,NO,YES,NO,NO,YES,YES,3773,3,4,Circus Circus Hotel & Casino Las Vegas,USA,North America
41,9,19,Sep-Nov,Couples,October,Tuesday,2,NO,YES,NO,NO,YES,YES,3773,3,3,Circus Circus Hotel & Casino Las Vegas,Canada,North America
8,7,26,Sep-Nov,Couples,October,Monday,10,NO,YES,NO,NO,YES,YES,3773,3,2,Circus Circus Hotel & Casino Las Vegas,USA,North America
10,5,2,Sep-Nov,Couples,November,Saturday,7,NO,YES,NO,NO,YES,YES,3773,3,4,Circus Circus Hotel & Casino Las Vegas,UK,Europe
4,3,3,Sep-Nov,Couples,November,Monday,3,NO,YES,NO,NO,YES,YES,3773,3,1,Circus Circus Hotel & Casino Las Vegas,New Zeland,Oceania
18,7,19,Dec-Feb,Families,December,Saturday,0,NO,YES,NO,NO,YES,YES,3773,3,4,Circus Circus Hotel & Casino Las Vegas,UK,Europe
4,4,3,Dec-Feb,Couples,December,Sunday,5,NO,YES,NO,NO,YES,YES,3773,3,2,Circus Circus Hotel & Casino Las Vegas,USA,North America
29,11,15,Dec-Feb,Couples,January,Monday,3,YES,YES,NO,YES,YES,YES,3981,3,4,Excalibur Hotel & Casino,Ireland,Europe
114,42,52,Dec-Feb,Business,January,Saturday,11,YES,YES,NO,YES,YES,YES,3981,3,4,Excalibur Hotel & Casino,USA,North America
30,12,17,Dec-Feb,Couples,February,Friday,8,YES,YES,NO,YES,YES,YES,3981,3,5,Excalibur Hotel & Casino,Canada,North America
87,18,36,Dec-Feb,Business,February,Thursday,3,YES,YES,NO,YES,YES,YES,3981,3,3,Excalibur Hotel & Casino,UK,Europe
26,10,28,Mar-May,Solo,March,Wednesday,1,YES,YES,NO,YES,YES,YES,3981,3,5,Excalibur Hotel & Casino,USA,North America
8,7,9,Mar-May,Couples,March,Wednesday,8,YES,YES,NO,YES,YES,YES,3981,3,5,Excalibur Hotel & Casino,Ireland,Europe
11,8,13,Mar-May,Couples,April,Friday,7,YES,YES,NO,YES,YES,YES,3981,3,5,Excalibur Hotel & Casino,Canada,North America
4,3,2,Mar-May,Couples,April,Friday,0,YES,YES,NO,YES,YES,YES,3981,3,3,Excalibur Hotel & Casino,Australia,Oceania
56,8,7,Mar-May,Solo,May,Tuesday,1,YES,YES,NO,YES,YES,YES,3981,3,3,Excalibur Hotel & Casino,Canada,North America
13,12,8,Mar-May,Friends,May,Wednesday,4,YES,YES,NO,YES,YES,YES,3981,3,3,Excalibur Hotel & Casino,Egypt,Africa
58,9,15,Jun-Aug,Couples,June,Saturday,0,YES,YES,NO,YES,YES,YES,3981,3,4,Excalibur Hotel & Casino,Australia,Oceania
20,7,4,Jun-Aug,Couples,June,Saturday,6,YES,YES,NO,YES,YES,YES,3981,3,3,Excalibur Hotel & Casino,Finland,Europe
70,27,24,Jun-Aug,Friends,July,Friday,6,YES,YES,NO,YES,YES,YES,3981,3,4,Excalibur Hotel & Casino,USA,North America
6,3,7,Jun-Aug,Friends,July,Thursday,1,YES,YES,NO,YES,YES,YES,3981,3,4,Excalibur Hotel & Casino,Kenya,Africa
290,263,299,Jun-Aug,Couples,August,Monday,10,YES,YES,NO,YES,YES,YES,3981,3,4,Excalibur Hotel & Casino,USA,North America
24,6,9,Jun-Aug,Families,August,Wednesday,2,YES,YES,NO,YES,YES,YES,3981,3,2,Excalibur Hotel & Casino,USA,North America
29,8,21,Sep-Nov,Business,September,Wednesday,2,YES,YES,NO,YES,YES,YES,3981,3,3,Excalibur Hotel & Casino,Jordan,Europe
20,5,59,Sep-Nov,Couples,September,Saturday,8,YES,YES,NO,YES,YES,YES,3981,3,3,Excalibur Hotel & Casino,Canada,North America
3,3,3,Sep-Nov,Families,October,Saturday,4,YES,YES,NO,YES,YES,YES,3981,3,3,Excalibur Hotel & Casino,Netherlands,Europe
47,6,27,Sep-Nov,Friends,October,Monday,5,YES,YES,NO,YES,YES,YES,3981,3,4,Excalibur Hotel & Casino,Ireland,Europe
35,8,19,Sep-Nov,Families,November,Sunday,6,YES,YES,NO,YES,YES,YES,3981,3,4,Excalibur Hotel & Casino,USA,North America
6,0,4,Sep-Nov,Friends,November,Sunday,1,YES,YES,NO,YES,YES,YES,3981,3,4,Excalibur Hotel & Casino,UK,Europe
74,47,54,Dec-Feb,Couples,December,Wednesday,7,YES,YES,NO,YES,YES,YES,3981,3,4,Excalibur Hotel & Casino,UK,Europe
34,8,30,Dec-Feb,Solo,December,Tuesday,4,YES,YES,NO,YES,YES,YES,3981,3,3,Excalibur Hotel & Casino,Syria,Asia
576,43,340,Dec-Feb,Couples,January,Monday,3,YES,YES,NO,YES,YES,NO,3003,4,3,Monte Carlo Resort&Casino,UK,Europe
20,8,11,Dec-Feb,Solo,January,Saturday,5,YES,YES,NO,YES,YES,NO,3003,4,4,Monte Carlo Resort&Casino,USA,North America
418,32,132,Dec-Feb,Couples,February,Tuesday,3,YES,YES,NO,YES,YES,NO,3003,4,2,Monte Carlo Resort&Casino,USA,North America
73,13,22,Dec-Feb,Couples,February,Tuesday,2,YES,YES,NO,YES,YES,NO,3003,4,4,Monte Carlo Resort&Casino,USA,North America
30,10,32,Mar-May,Couples,March,Wednesday,2,YES,YES,NO,YES,YES,NO,3003,4,3,Monte Carlo Resort&Casino,Canada,North America
63,15,17,Mar-May,Business,March,Tuesday,2,YES,YES,NO,YES,YES,NO,3003,4,4,Monte Carlo Resort&Casino,USA,North America
24,10,13,Mar-May,Couples,April,Wednesday,5,YES,YES,NO,YES,YES,NO,3003,4,5,Monte Carlo Resort&Casino,Scotland,Europe
54,18,16,Mar-May,Business,April,Tuesday,5,YES,YES,NO,YES,YES,NO,3003,4,2,Monte Carlo Resort&Casino,South Africa,Africa
20,7,11,Mar-May,Couples,May,Friday,2,YES,YES,NO,YES,YES,NO,3003,4,4,Monte Carlo Resort&Casino,Australia,Oceania
41,7,24,Mar-May,Couples,May,Monday,3,YES,YES,NO,YES,YES,NO,3003,4,4,Monte Carlo Resort&Casino,UK,Europe
7,5,7,Jun-Aug,Couples,June,Tuesday,9,YES,YES,NO,YES,YES,NO,3003,4,4,Monte Carlo Resort&Casino,Ireland,Europe
13,9,15,Jun-Aug,Friends,June,Monday,1,YES,YES,NO,YES,YES,NO,3003,4,4,Monte Carlo Resort&Casino,Canada,North America
10,5,4,Jun-Aug,Families,July,Friday,1,YES,YES,NO,YES,YES,NO,3003,4,4,Monte Carlo Resort&Casino,UK,Europe
9,6,19,Jun-Aug,Couples,July,Wednesday,7,YES,YES,NO,YES,YES,NO,3003,4,3,Monte Carlo Resort&Casino,New Zeland,Oceania
36,19,36,Jun-Aug,Solo,August,Thursday,5,YES,YES,NO,YES,YES,NO,3003,4,2,Monte Carlo Resort&Casino,Swiss,Europe
33,12,19,Jun-Aug,Families,August,Saturday,5,YES,YES,NO,YES,YES,NO,3003,4,3,Monte Carlo Resort&Casino,UK,Europe
156,126,142,Sep-Nov,Friends,September,Friday,8,YES,YES,NO,YES,YES,NO,3003,4,3,Monte Carlo Resort&Casino,United Arab Emirates,Asia
19,17,16,Sep-Nov,Couples,September,Wednesday,5,YES,YES,NO,YES,YES,NO,3003,4,4,Monte Carlo Resort&Casino,Ireland,Europe
23,17,11,Sep-Nov,Families,October,Friday,1,YES,YES,NO,YES,YES,NO,3003,4,3,Monte Carlo Resort&Casino,USA,North America
13,3,3,Sep-Nov,Couples,October,Sunday,1,YES,YES,NO,YES,YES,NO,3003,4,2,Monte Carlo Resort&Casino,USA,North America
8,5,8,Sep-Nov,Couples,November,Friday,8,YES,YES,NO,YES,YES,NO,3003,4,4,Monte Carlo Resort&Casino,Hungary,Europe
1,0,2,Sep-Nov,Business,November,Wednesday,0,YES,YES,NO,YES,YES,NO,3003,4,1,Monte Carlo Resort&Casino,China,Asia
21,18,6,Dec-Feb,Business,December,Sunday,0,YES,YES,NO,YES,YES,NO,3003,4,2,Monte Carlo Resort&Casino,Greece,Europe
56,14,36,Dec-Feb,Couples,December,Monday,3,YES,YES,NO,YES,YES,NO,3003,4,5,Monte Carlo Resort&Casino,Mexico,North America
29,11,14,Dec-Feb,Business,January,Sunday,6,YES,YES,YES,YES,YES,YES,2884,4,3,Treasure Island- TI Hotel & Casino,Croatia,Europe
11,5,8,Dec-Feb,Couples,January,Thursday,1,YES,YES,YES,YES,YES,YES,2884,4,4,Treasure Island- TI Hotel & Casino,Australia,Oceania
19,12,167,Dec-Feb,Friends,February,Monday,9,YES,YES,YES,YES,YES,YES,2884,4,4,Treasure Island- TI Hotel & Casino,Canada,North America
17,9,16,Dec-Feb,Solo,February,Monday,-1806,YES,YES,YES,YES,YES,YES,2884,4,5,Treasure Island- TI Hotel & Casino,USA,North America
43,8,20,Mar-May,Couples,March,Friday,1,YES,YES,YES,YES,YES,YES,2884,4,4,Treasure Island- TI Hotel & Casino,USA,North America
12,8,3,Mar-May,Friends,March,Saturday,2,YES,YES,YES,YES,YES,YES,2884,4,4,Treasure Island- TI Hotel & Casino,Canada,North America
15,14,7,Mar-May,Friends,April,Tuesday,9,YES,YES,YES,YES,YES,YES,2884,4,4,Treasure Island- TI Hotel & Casino,USA,North America
16,13,16,Mar-May,Families,April,Wednesday,6,YES,YES,YES,YES,YES,YES,2884,4,3,Treasure Island- TI Hotel & Casino,Australia,Oceania
12,4,25,Mar-May,Families,May,Friday,1,YES,YES,YES,YES,YES,YES,2884,4,3,Treasure Island- TI Hotel & Casino,India,Asia
10,0,5,Mar-May,Friends,May,Sunday,3,YES,YES,YES,YES,YES,YES,2884,4,4,Treasure Island- TI Hotel & Casino,Germany,Europe
27,17,16,Jun-Aug,Families,June,Thursday,6,YES,YES,YES,YES,YES,YES,2884,4,3,Treasure Island- TI Hotel & Casino,USA,North America
6,5,5,Jun-Aug,Couples,June,Tuesday,2,YES,YES,YES,YES,YES,YES,2884,4,4,Treasure Island- TI Hotel & Casino,Canada,North America
21,20,14,Jun-Aug,Couples,July,Wednesday,3,YES,YES,YES,YES,YES,YES,2884,4,5,Treasure Island- TI Hotel & Casino,Australia,Oceania
43,14,27,Jun-Aug,Solo,July,Thursday,5,YES,YES,YES,YES,YES,YES,2884,4,4,Treasure Island- TI Hotel & Casino,Malaysia,Asia
97,31,37,Jun-Aug,Couples,August,Saturday,8,YES,YES,YES,YES,YES,YES,2884,4,4,Treasure Island- TI Hotel & Casino,Mexico,South America
7,3,4,Jun-Aug,Couples,August,Friday,5,YES,YES,YES,YES,YES,YES,2884,4,4,Treasure Island- TI Hotel & Casino,UK,Europe
11,9,6,Sep-Nov,Couples,September,Friday,0,YES,YES,YES,YES,YES,YES,2884,4,3,Treasure Island- TI Hotel & Casino,UK,Europe
78,11,30,Sep-Nov,Business,September,Tuesday,2,YES,YES,YES,YES,YES,YES,2884,4,4,Treasure Island- TI Hotel & Casino,USA,North America
12,7,4,Sep-Nov,Families,October,Monday,5,YES,YES,YES,YES,YES,YES,2884,4,5,Treasure Island- TI Hotel & Casino,Australia,Oceania
27,11,5,Sep-Nov,Couples,October,Monday,2,YES,YES,YES,YES,YES,YES,2884,4,3,Treasure Island- TI Hotel & Casino,USA,North America
4,3,1,Sep-Nov,Couples,November,Friday,7,YES,YES,YES,YES,YES,YES,2884,4,5,Treasure Island- TI Hotel & Casino,Thailand,Asia
27,9,8,Sep-Nov,Families,November,Friday,2,YES,YES,YES,YES,YES,YES,2884,4,4,Treasure Island- TI Hotel & Casino,Australia,Oceania
12,3,7,Dec-Feb,Friends,December,Saturday,4,YES,YES,YES,YES,YES,YES,2884,4,4,Treasure Island- TI Hotel & Casino,Canada,North America
21,16,48,Dec-Feb,Couples,December,Thursday,12,YES,YES,YES,YES,YES,YES,2884,4,5,Treasure Island- TI Hotel & Casino,Canada,North America
34,17,30,Dec-Feb,Families,January,Sunday,8,YES,YES,YES,YES,YES,YES,1467,4,4,Tropicana Las Vegas - A Double Tree by Hilton Hotel,UK,Europe
12,6,1,Dec-Feb,Friends,January,Sunday,2,YES,YES,YES,YES,YES,YES,1467,4,5,Tropicana Las Vegas - A Double Tree by Hilton Hotel,USA,North America
79,39,51,Dec-Feb,Couples,February,Wednesday,5,YES,YES,YES,YES,YES,YES,1467,4,3,Tropicana Las Vegas - A Double Tree by Hilton Hotel,Phillippines,Asia
18,10,16,Dec-Feb,Business,February,Thursday,2,YES,YES,YES,YES,YES,YES,1467,4,3,Tropicana Las Vegas - A Double Tree by Hilton Hotel,Israel,Asia
13,3,8,Mar-May,Business,March,Wednesday,3,YES,YES,YES,YES,YES,YES,1467,4,4,Tropicana Las Vegas - A Double Tree by Hilton Hotel,Canada,North America
14,4,9,Mar-May,Couples,March,Friday,1,YES,YES,YES,YES,YES,YES,1467,4,4,Tropicana Las Vegas - A Double Tree by Hilton Hotel,UK,Europe
19,9,28,Mar-May,Couples,April,Friday,3,YES,YES,YES,YES,YES,YES,1467,4,5,Tropicana Las Vegas - A Double Tree by Hilton Hotel,Ireland,Europe
88,15,103,Mar-May,Business,April,Monday,3,YES,YES,YES,YES,YES,YES,1467,4,4,Tropicana Las Vegas - A Double Tree by Hilton Hotel,India ,Asia
8,4,0,Mar-May,Couples,May,Tuesday,1,YES,YES,YES,YES,YES,YES,1467,4,4,Tropicana Las Vegas - A Double Tree by Hilton Hotel,New Zeland,Oceania
39,15,31,Mar-May,Friends,May,Sunday,1,YES,YES,YES,YES,YES,YES,1467,4,3,Tropicana Las Vegas - A Double Tree by Hilton Hotel,Belgium,Europe
130,41,61,Jun-Aug,Business,June,Tuesday,3,YES,YES,YES,YES,YES,YES,1467,4,4,Tropicana Las Vegas - A Double Tree by Hilton Hotel,UK,Europe
79,78,105,Jun-Aug,Friends,June,Wednesday,7,YES,YES,YES,YES,YES,YES,1467,4,4,Tropicana Las Vegas - A Double Tree by Hilton Hotel,Australia,Oceania
13,10,16,Jun-Aug,Solo,July,Wednesday,10,YES,YES,YES,YES,YES,YES,1467,4,4,Tropicana Las Vegas - A Double Tree by Hilton Hotel,UK,Europe
18,6,17,Jun-Aug,Couples,July,Monday,1,YES,YES,YES,YES,YES,YES,1467,4,4,Tropicana Las Vegas - A Double Tree by Hilton Hotel,UK,Europe
8,7,3,Jun-Aug,Friends,August,Saturday,1,YES,YES,YES,YES,YES,YES,1467,4,5,Tropicana Las Vegas - A Double Tree by Hilton Hotel,New Zeland,Oceania
15,4,6,Jun-Aug,Couples,August,Friday,0,YES,YES,YES,YES,YES,YES,1467,4,5,Tropicana Las Vegas - A Double Tree by Hilton Hotel,Australia,Oceania
27,0,9,Sep-Nov,Couples,September,Tuesday,0,YES,YES,YES,YES,YES,YES,1467,4,1,Tropicana Las Vegas - A Double Tree by Hilton Hotel,Canada,North America
5,3,2,Sep-Nov,Couples,September,Wednesday,5,YES,YES,YES,YES,YES,YES,1467,4,5,Tropicana Las Vegas - A Double Tree by Hilton Hotel,Australia,Oceania
22,6,6,Sep-Nov,Friends,October,Tuesday,1,YES,YES,YES,YES,YES,YES,1467,4,5,Tropicana Las Vegas - A Double Tree by Hilton Hotel,UK,Europe
5,3,11,Sep-Nov,Friends,October,Thursday,1,YES,YES,YES,YES,YES,YES,1467,4,2,Tropicana Las Vegas - A Double Tree by Hilton Hotel,USA,North America
31,8,11,Sep-Nov,Solo,November,Sunday,1,YES,YES,YES,YES,YES,YES,1467,4,4,Tropicana Las Vegas - A Double Tree by Hilton Hotel,India,Asia
33,8,8,Sep-Nov,Friends,November,Saturday,7,YES,YES,YES,YES,YES,YES,1467,4,5,Tropicana Las Vegas - A Double Tree by Hilton Hotel,Netherlands,Europe
10,6,11,Dec-Feb,Couples,December,Saturday,4,YES,YES,YES,YES,YES,YES,1467,4,5,Tropicana Las Vegas - A Double Tree by Hilton Hotel,UK,Europe
12,3,3,Dec-Feb,Families,December,Thursday,4,YES,YES,YES,YES,YES,YES,1467,4,5,Tropicana Las Vegas - A Double Tree by Hilton Hotel,UK,Europe
50,14,24,Dec-Feb,Friends,January,Wednesday,7,YES,YES,NO,YES,YES,YES,3348,5,5,Caesars Palace,USA,North America
161,33,85,Dec-Feb,Couples,January,Friday,3,YES,YES,NO,YES,YES,YES,3348,5,4,Caesars Palace,USA,North America
153,38,81,Dec-Feb,Families,February,Tuesday,10,YES,YES,NO,YES,YES,YES,3348,5,5,Caesars Palace,Puerto Rico,North America
14,3,12,Dec-Feb,Families,February,Thursday,2,YES,YES,NO,YES,YES,YES,3348,5,5,Caesars Palace,Canada,North America
31,12,10,Mar-May,Families,March,Friday,4,YES,YES,NO,YES,YES,YES,3348,5,5,Caesars Palace,USA,North America
15,10,29,Mar-May,Families,March,Friday,9,YES,YES,NO,YES,YES,YES,3348,5,3,Caesars Palace,USA,North America
5,5,4,Mar-May,Couples,April,Thursday,3,YES,YES,NO,YES,YES,YES,3348,5,5,Caesars Palace,Canada,North America
46,4,21,Mar-May,Couples,April,Saturday,2,YES,YES,NO,YES,YES,YES,3348,5,4,Caesars Palace,USA,North America
15,6,39,Mar-May,Couples,May,Sunday,4,YES,YES,NO,YES,YES,YES,3348,5,1,Caesars Palace,UK,Europe
63,27,35,Mar-May,Couples,May,Wednesday,5,YES,YES,NO,YES,YES,YES,3348,5,4,Caesars Palace,UK,Europe
17,15,13,Jun-Aug,Couples,June,Sunday,2,YES,YES,NO,YES,YES,YES,3348,5,4,Caesars Palace,USA,North America
25,22,36,Jun-Aug,Solo,June,Tuesday,9,YES,YES,NO,YES,YES,YES,3348,5,1,Caesars Palace,USA,North America
14,8,4,Jun-Aug,Couples,July,Monday,1,YES,YES,NO,YES,YES,YES,3348,5,5,Caesars Palace,USA,North America
59,56,37,Jun-Aug,Families,July,Tuesday,6,YES,YES,NO,YES,YES,YES,3348,5,3,Caesars Palace,UK,Europe
11,10,17,Jun-Aug,Families,August,Friday,3,YES,YES,NO,YES,YES,YES,3348,5,5,Caesars Palace,UK,Europe
54,18,31,Jun-Aug,Friends,August,Wednesday,5,YES,YES,NO,YES,YES,YES,3348,5,4,Caesars Palace,Canada,North America
4,3,4,Sep-Nov,Couples,September,Monday,3,YES,YES,NO,YES,YES,YES,3348,5,5,Caesars Palace,USA,North America
10,7,7,Sep-Nov,Couples,September,Tuesday,3,YES,YES,NO,YES,YES,YES,3348,5,5,Caesars Palace,USA,North America
14,6,7,Sep-Nov,Business,October,Sunday,11,YES,YES,NO,YES,YES,YES,3348,5,5,Caesars Palace,USA,North America
39,12,16,Sep-Nov,Friends,October,Thursday,2,YES,YES,NO,YES,YES,YES,3348,5,5,Caesars Palace,USA,North America
35,24,43,Sep-Nov,Couples,November,Sunday,4,YES,YES,NO,YES,YES,YES,3348,5,5,Caesars Palace,Australia,Oceania
6,6,9,Sep-Nov,Families,November,Sunday,0,YES,YES,NO,YES,YES,YES,3348,5,3,Caesars Palace,Australia,Oceania
23,7,2,Dec-Feb,Families,December,Friday,3,YES,YES,NO,YES,YES,YES,3348,5,4,Caesars Palace,USA,North America
48,21,67,Dec-Feb,Couples,December,Sunday,13,YES,YES,NO,YES,YES,YES,3348,5,4,Caesars Palace,USA,North America
16,9,14,Dec-Feb,Friends,January,Thursday,3,YES,YES,NO,YES,YES,YES,2959,5,4,The Cosmopolitan Las Vegas,Australia,Oceania
12,6,3,Dec-Feb,Friends,January,Thursday,1,YES,YES,NO,YES,YES,YES,2959,5,5,The Cosmopolitan Las Vegas,Australia,Oceania
36,9,15,Dec-Feb,Friends,February,Saturday,2,YES,YES,NO,YES,YES,YES,2959,5,4,The Cosmopolitan Las Vegas,Switzerland,Europe
127,40,80,Dec-Feb,Couples,February,Wednesday,8,YES,YES,NO,YES,YES,YES,2959,5,5,The Cosmopolitan Las Vegas,UK,Europe
12,5,1,Mar-May,Couples,March,Monday,1,YES,YES,NO,YES,YES,YES,2959,5,5,The Cosmopolitan Las Vegas,USA,North America
17,17,74,Mar-May,Couples,March,Saturday,10,YES,YES,NO,YES,YES,YES,2959,5,5,The Cosmopolitan Las Vegas,USA,North America
23,7,21,Mar-May,Friends,April,Thursday,7,YES,YES,NO,YES,YES,YES,2959,5,4,The Cosmopolitan Las Vegas,Ireland,Europe
102,17,45,Mar-May,Business,April,Monday,2,YES,YES,NO,YES,YES,YES,2959,5,5,The Cosmopolitan Las Vegas,USA,North America
113,15,55,Mar-May,Families,May,Thursday,8,YES,YES,NO,YES,YES,YES,2959,5,5,The Cosmopolitan Las Vegas,Germany,Europe
30,8,10,Mar-May,Business,May,Wednesday,1,YES,YES,NO,YES,YES,YES,2959,5,2,The Cosmopolitan Las Vegas,USA,North America
24,24,24,Jun-Aug,Couples,June,Wednesday,7,YES,YES,NO,YES,YES,YES,2959,5,2,The Cosmopolitan Las Vegas,Germany,Europe
15,5,18,Jun-Aug,Friends,June,Wednesday,3,YES,YES,NO,YES,YES,YES,2959,5,5,The Cosmopolitan Las Vegas,Ireland,Europe
6,4,14,Jun-Aug,Business,July,Wednesday,1,YES,YES,NO,YES,YES,YES,2959,5,1,The Cosmopolitan Las Vegas,USA,North America
3,3,0,Jun-Aug,Friends,July,Tuesday,7,YES,YES,NO,YES,YES,YES,2959,5,4,The Cosmopolitan Las Vegas,Australia,Oceania
41,10,56,Jun-Aug,Families,August,Saturday,4,YES,YES,NO,YES,YES,YES,2959,5,5,The Cosmopolitan Las Vegas,Canada,North America
19,8,56,Jun-Aug,Couples,August,Sunday,10,YES,YES,NO,YES,YES,YES,2959,5,4,The Cosmopolitan Las Vegas,USA,North America
18,9,10,Sep-Nov,Couples,September,Wednesday,1,YES,YES,NO,YES,YES,YES,2959,5,5,The Cosmopolitan Las Vegas,UK,Europe
6,6,7,Sep-Nov,Couples,September,Tuesday,7,YES,YES,NO,YES,YES,YES,2959,5,5,The Cosmopolitan Las Vegas,Norway,Europe
103,5,98,Sep-Nov,Couples,October,Monday,7,YES,YES,NO,YES,YES,YES,2959,5,5,The Cosmopolitan Las Vegas,USA,North America
18,4,16,Sep-Nov,Friends,October,Friday,0,YES,YES,NO,YES,YES,YES,2959,5,5,The Cosmopolitan Las Vegas,UK,Europe
9,7,7,Sep-Nov,Business,November,Wednesday,5,YES,YES,NO,YES,YES,YES,2959,5,5,The Cosmopolitan Las Vegas,Egypt,Africa
50,19,45,Sep-Nov,Business,November,Friday,0,YES,YES,NO,YES,YES,YES,2959,5,5,The Cosmopolitan Las Vegas,USA,North America
4,3,8,Dec-Feb,Couples,December,Tuesday,8,YES,YES,NO,YES,YES,YES,2959,5,2,The Cosmopolitan Las Vegas,Canada,North America
7,3,8,Dec-Feb,Families,December,Sunday,5,YES,YES,NO,YES,YES,YES,2959,5,5,The Cosmopolitan Las Vegas,USA,North America
28,23,31,Dec-Feb,Couples,January,Friday,4,YES,YES,NO,YES,YES,YES,3025,5,3,The Palazzo Resort Hotel Casino,Mexico,North America
32,6,11,Dec-Feb,Families,January,Friday,10,YES,YES,NO,YES,YES,YES,3025,5,5,The Palazzo Resort Hotel Casino,USA,North America
4,0,4,Dec-Feb,Couples,February,Friday,9,YES,YES,NO,YES,YES,YES,3025,5,5,The Palazzo Resort Hotel Casino,Canada,North America
37,8,9,Dec-Feb,Couples,February,Tuesday,3,YES,YES,NO,YES,YES,YES,3025,5,4,The Palazzo Resort Hotel Casino,USA,North America
10,3,7,Mar-May,Families,March,Wednesday,6,YES,YES,NO,YES,YES,YES,3025,5,5,The Palazzo Resort Hotel Casino,Canada,North America
36,30,80,Mar-May,Families,March,Friday,8,YES,YES,NO,YES,YES,YES,3025,5,5,The Palazzo Resort Hotel Casino,Canada,North America
31,10,14,Mar-May,Couples,April,Sunday,5,YES,YES,NO,YES,YES,YES,3025,5,4,The Palazzo Resort Hotel Casino,USA,North America
66,33,60,Mar-May,Couples,April,Saturday,10,YES,YES,NO,YES,YES,YES,3025,5,5,The Palazzo Resort Hotel Casino,Canada,North America
17,4,8,Mar-May,Couples,May,Saturday,0,YES,YES,NO,YES,YES,YES,3025,5,5,The Palazzo Resort Hotel Casino,France,Europe
57,20,71,Mar-May,Business,May,Friday,0,YES,YES,NO,YES,YES,YES,3025,5,5,The Palazzo Resort Hotel Casino,UK,Europe
42,8,22,Jun-Aug,Friends,June,Monday,6,YES,YES,NO,YES,YES,YES,3025,5,4,The Palazzo Resort Hotel Casino,USA,North America
28,20,14,Jun-Aug,Couples,June,Friday,8,YES,YES,NO,YES,YES,YES,3025,5,3,The Palazzo Resort Hotel Casino,USA,North America
19,8,10,Jun-Aug,Friends,July,Wednesday,3,YES,YES,NO,YES,YES,YES,3025,5,4,The Palazzo Resort Hotel Casino,Spain,Europe
20,11,21,Jun-Aug,Families,July,Friday,9,YES,YES,NO,YES,YES,YES,3025,5,5,The Palazzo Resort Hotel Casino,USA,North America
75,19,93,Jun-Aug,Friends,August,Sunday,8,YES,YES,NO,YES,YES,YES,3025,5,4,The Palazzo Resort Hotel Casino,UK,Europe
91,16,26,Jun-Aug,Business,August,Wednesday,3,YES,YES,NO,YES,YES,YES,3025,5,4,The Palazzo Resort Hotel Casino,USA,North America
52,48,78,Sep-Nov,Friends,September,Saturday,8,YES,YES,NO,YES,YES,YES,3025,5,3,The Palazzo Resort Hotel Casino,UK,Europe
93,4,8,Sep-Nov,Families,September,Saturday,2,YES,YES,NO,YES,YES,YES,3025,5,5,The Palazzo Resort Hotel Casino,USA,North America
9,3,15,Sep-Nov,Families,October,Wednesday,1,YES,YES,NO,YES,YES,YES,3025,5,5,The Palazzo Resort Hotel Casino,Canada,North America
5,3,9,Sep-Nov,Couples,October,Thursday,2,YES,YES,NO,YES,YES,YES,3025,5,5,The Palazzo Resort Hotel Casino,Australia,Oceania
37,7,10,Sep-Nov,Friends,November,Sunday,0,YES,YES,NO,YES,YES,YES,3025,5,5,The Palazzo Resort Hotel Casino,Singapore,Asia
31,25,35,Sep-Nov,Families,November,Sunday,7,YES,YES,NO,YES,YES,YES,3025,5,3,The Palazzo Resort Hotel Casino,Brazil,South America
6,4,4,Dec-Feb,Couples,December,Thursday,7,YES,YES,NO,YES,YES,YES,3025,5,5,The Palazzo Resort Hotel Casino,USA,North America
252,55,113,Dec-Feb,Families,December,Monday,8,YES,YES,NO,YES,YES,YES,3025,5,4,The Palazzo Resort Hotel Casino,USA,North America
164,48,82,Dec-Feb,Couples,January,Saturday,4,YES,YES,YES,YES,YES,YES,2700,5,5,Wynn Las Vegas,USA,North America
5,3,9,Dec-Feb,Families,January,Tuesday,4,YES,YES,YES,YES,YES,YES,2700,5,5,Wynn Las Vegas,USA,North America
7,5,20,Dec-Feb,Couples,February,Saturday,3,YES,YES,YES,YES,YES,YES,2700,5,4,Wynn Las Vegas,Canada,North America
18,11,15,Dec-Feb,Couples,February,Tuesday,7,YES,YES,YES,YES,YES,YES,2700,5,5,Wynn Las Vegas,USA,North America
20,13,16,Mar-May,Friends,March,Friday,6,YES,YES,YES,YES,YES,YES,2700,5,5,Wynn Las Vegas,USA,North America
21,5,12,Mar-May,Business,March,Monday,8,YES,YES,YES,YES,YES,YES,2700,5,4,Wynn Las Vegas,USA,North America
125,35,48,Mar-May,Business,April,Sunday,4,YES,YES,YES,YES,YES,YES,2700,5,5,Wynn Las Vegas,USA,North America
11,7,10,Mar-May,Couples,April,Monday,1,YES,YES,YES,YES,YES,YES,2700,5,4,Wynn Las Vegas,USA,North America
16,10,16,Mar-May,Solo,May,Monday,7,YES,YES,YES,YES,YES,YES,2700,5,3,Wynn Las Vegas,Singapore,Asia
19,5,5,Mar-May,Couples,May,Monday,3,YES,YES,YES,YES,YES,YES,2700,5,5,Wynn Las Vegas,UK,Europe
73,27,365,Jun-Aug,Couples,June,Wednesday,6,YES,YES,YES,YES,YES,YES,2700,5,5,Wynn Las Vegas,USA,North America
5,4,4,Jun-Aug,Couples,June,Wednesday,11,YES,YES,YES,YES,YES,YES,2700,5,5,Wynn Las Vegas,USA,North America
30,10,17,Jun-Aug,Couples,July,Monday,3,YES,YES,YES,YES,YES,YES,2700,5,5,Wynn Las Vegas,USA,North America
7,4,10,Jun-Aug,Couples,July,Sunday,3,YES,YES,YES,YES,YES,YES,2700,5,5,Wynn Las Vegas,Canada,North America
67,46,99,Jun-Aug,Couples,August,Sunday,6,YES,YES,YES,YES,YES,YES,2700,5,5,Wynn Las Vegas,Canada,North America
18,13,25,Jun-Aug,Solo,August,Saturday,9,YES,YES,YES,YES,YES,YES,2700,5,5,Wynn Las Vegas,Finland,Europe
12,7,11,Sep-Nov,Business,September,Monday,4,YES,YES,YES,YES,YES,YES,2700,5,2,Wynn Las Vegas,Canada,North America
40,12,26,Sep-Nov,Friends,September,Saturday,7,YES,YES,YES,YES,YES,YES,2700,5,5,Wynn Las Vegas,Canada,North America
142,17,31,Sep-Nov,Couples,October,Monday,3,YES,YES,YES,YES,YES,YES,2700,5,4,Wynn Las Vegas,USA,North America
8,4,16,Sep-Nov,Couples,October,Saturday,7,YES,YES,YES,YES,YES,YES,2700,5,5,Wynn Las Vegas,UK,Europe
15,9,3,Sep-Nov,Business,November,Monday,2,YES,YES,YES,YES,YES,YES,2700,5,5,Wynn Las Vegas,Costa Rica,North America
2,18,14,Sep-Nov,Couples,November,Wednesday,8,YES,YES,YES,YES,YES,YES,2700,5,5,Wynn Las Vegas,UK,Europe
10,6,10,Dec-Feb,Couples,December,Tuesday,5,YES,YES,YES,YES,YES,YES,2700,5,5,Wynn Las Vegas,UK,Europe
16,13,55,Dec-Feb,Couples,December,Tuesday,9,YES,YES,YES,YES,YES,YES,2700,5,5,Wynn Las Vegas,USA,North America
21,7,13,Dec-Feb,Solo,January,Tuesday,10,YES,YES,NO,YES,YES,YES,1282,5,5,Trump International Hotel Las Vegas,UK,Europe
69,58,41,Dec-Feb,Business,January,Saturday,5,YES,YES,NO,YES,YES,YES,1282,5,5,Trump International Hotel Las Vegas,India,Asia
33,13,8,Dec-Feb,Business,February,Wednesday,5,YES,YES,NO,YES,YES,YES,1282,5,5,Trump International Hotel Las Vegas,USA,North America
1,0,2,Dec-Feb,Families,February,Tuesday,0,YES,YES,NO,YES,YES,YES,1282,5,5,Trump International Hotel Las Vegas,USA,North America
49,8,23,Mar-May,Couples,March,Monday,5,YES,YES,NO,YES,YES,YES,1282,5,5,Trump International Hotel Las Vegas,USA,North America
775,52,255,Mar-May,Couples,March,Wednesday,2,YES,YES,NO,YES,YES,YES,1282,5,3,Trump International Hotel Las Vegas,USA,North America
16,7,6,Mar-May,Couples,April,Monday,7,YES,YES,NO,YES,YES,YES,1282,5,4,Trump International Hotel Las Vegas,United Arab Emirates,Asia
1,0,1,Mar-May,Couples,April,Wednesday,0,YES,YES,NO,YES,YES,YES,1282,5,5,Trump International Hotel Las Vegas,USA,North America
19,11,17,Mar-May,Families,May,Friday,7,YES,YES,NO,YES,YES,YES,1282,5,4,Trump International Hotel Las Vegas,Singapore,Asia
7,4,8,Mar-May,Families,May,Sunday,7,YES,YES,NO,YES,YES,YES,1282,5,5,Trump International Hotel Las Vegas,Brazil,South America
38,18,16,Jun-Aug,Couples,June,Sunday,8,YES,YES,NO,YES,YES,YES,1282,5,5,Trump International Hotel Las Vegas,USA,North America
48,14,30,Jun-Aug,Business,June,Wednesday,9,YES,YES,NO,YES,YES,YES,1282,5,5,Trump International Hotel Las Vegas,USA,North America
136,20,55,Jun-Aug,Families,July,Sunday,3,YES,YES,NO,YES,YES,YES,1282,5,5,Trump International Hotel Las Vegas,Canada,North America
26,8,1,Jun-Aug,Families,July,Monday,6,YES,YES,NO,YES,YES,YES,1282,5,4,Trump International Hotel Las Vegas,USA,North America
3,3,2,Jun-Aug,Couples,August,Sunday,4,YES,YES,NO,YES,YES,YES,1282,5,4,Trump International Hotel Las Vegas,Iran,Asia
78,17,24,Jun-Aug,Couples,August,Monday,5,YES,YES,NO,YES,YES,YES,1282,5,5,Trump International Hotel Las Vegas,USA,North America
24,18,12,Sep-Nov,Families,September,Thursday,0,YES,YES,NO,YES,YES,YES,1282,5,5,Trump International Hotel Las Vegas,UK,Europe
2,0,15,Sep-Nov,Families,September,Monday,1,YES,YES,NO,YES,YES,YES,1282,5,1,Trump International Hotel Las Vegas,Egypt,Africa
4,3,3,Sep-Nov,Friends,October,Thursday,11,YES,YES,NO,YES,YES,YES,1282,5,5,Trump International Hotel Las Vegas,Ireland,Europe
11,7,17,Sep-Nov,Couples,October,Saturday,2,YES,YES,NO,YES,YES,YES,1282,5,5,Trump International Hotel Las Vegas,Australia,Oceania
1,0,1,Sep-Nov,Couples,November,Wednesday,0,YES,YES,NO,YES,YES,YES,1282,5,2,Trump International Hotel Las Vegas,Germany,Europe
35,16,17,Sep-Nov,Families,November,Tuesday,2,YES,YES,NO,YES,YES,YES,1282,5,4,Trump International Hotel Las Vegas,Australia,Oceania
110,19,76,Dec-Feb,Business,December,Tuesday,2,YES,YES,NO,YES,YES,YES,1282,5,4,Trump International Hotel Las Vegas,USA,North America
53,25,24,Dec-Feb,Couples,December,Sunday,3,YES,YES,NO,YES,YES,YES,1282,5,5,Trump International Hotel Las Vegas,USA,North America
320,45,102,Dec-Feb,Business,January,Tuesday,6,YES,NO,NO,NO,YES,YES,188,4,3,The Cromwell,Saudi Arabia,Asia
2,0,2,Dec-Feb,Business,January,Saturday,1,YES,NO,NO,NO,YES,YES,188,4,4,The Cromwell,USA,North America
26,6,12,Dec-Feb,Families,February,Sunday,1,YES,NO,NO,NO,YES,YES,188,4,5,The Cromwell,USA,North America
4,4,0,Dec-Feb,Couples,February,Monday,2,YES,NO,NO,NO,YES,YES,188,4,5,The Cromwell,USA,North America
9,9,6,Mar-May,Solo,March,Wednesday,1,YES,NO,NO,NO,YES,YES,188,4,2,The Cromwell,USA,North America
17,14,70,Mar-May,Friends,March,Sunday,10,YES,NO,NO,NO,YES,YES,188,4,5,The Cromwell,USA,North America
3,0,1,Mar-May,Couples,April,Tuesday,1,YES,NO,NO,NO,YES,YES,188,4,5,The Cromwell,Canada,North America
14,0,4,Mar-May,Families,April,Tuesday,4,YES,NO,NO,NO,YES,YES,188,4,2,The Cromwell,Canada,North America
235,111,267,Mar-May,Friends,May,Friday,9,YES,NO,NO,NO,YES,YES,188,4,5,The Cromwell,USA,North America
59,9,21,Mar-May,Couples,May,Monday,3,YES,NO,NO,NO,YES,YES,188,4,5,The Cromwell,USA,North America
2,0,2,Jun-Aug,Friends,June,Wednesday,0,YES,NO,NO,NO,YES,YES,188,4,5,The Cromwell,USA,North America
2,0,1,Jun-Aug,Couples,June,Wednesday,0,YES,NO,NO,NO,YES,YES,188,4,5,The Cromwell,USA,North America
21,18,53,Jun-Aug,Couples,July,Wednesday,11,YES,NO,NO,NO,YES,YES,188,4,5,The Cromwell,USA,North America
4,0,16,Jun-Aug,Friends,July,Thursday,0,YES,NO,NO,NO,YES,YES,188,4,1,The Cromwell,USA,North America
184,52,70,Jun-Aug,Couples,August,Wednesday,3,YES,NO,NO,NO,YES,YES,188,4,5,The Cromwell,Netherlands,Europe
262,75,150,Jun-Aug,Families,August,Monday,2,YES,NO,NO,NO,YES,YES,188,4,4,The Cromwell,UK,Europe
69,11,17,Sep-Nov,Couples,September,Sunday,0,YES,NO,NO,NO,YES,YES,188,4,5,The Cromwell,USA,North America
92,12,27,Sep-Nov,Business,September,Saturday,2,YES,NO,NO,NO,YES,YES,188,4,4,The Cromwell,Australia,Oceania
131,61,116,Sep-Nov,Families,October,Thursday,8,YES,NO,NO,NO,YES,YES,188,4,3,The Cromwell,USA,North America
25,10,16,Sep-Nov,Friends,October,Tuesday,8,YES,NO,NO,NO,YES,YES,188,4,5,The Cromwell,Norway,Europe
49,22,53,Sep-Nov,Couples,November,Sunday,5,YES,NO,NO,NO,YES,YES,188,4,3,The Cromwell,Canada,North America
148,33,55,Sep-Nov,Business,November,Wednesday,3,YES,NO,NO,NO,YES,YES,188,4,4,The Cromwell,USA,North America
26,7,22,Dec-Feb,Couples,December,Wednesday,4,YES,NO,NO,NO,YES,YES,188,4,4,The Cromwell,Canada,North America
13,4,1,Dec-Feb,Couples,December,Wednesday,2,YES,NO,NO,NO,YES,YES,188,4,4,The Cromwell,USA,North America
3,3,20,Dec-Feb,Business,January,Tuesday,5,YES,YES,NO,YES,YES,YES,2034,5,1,Encore at wynn Las Vegas,Thailand,Asia
46,12,87,Dec-Feb,Couples,January,Tuesday,3,YES,YES,NO,YES,YES,YES,2034,5,5,Encore at wynn Las Vegas,USA,North America
127,40,81,Dec-Feb,Couples,February,Thursday,8,YES,YES,NO,YES,YES,YES,2034,5,4,Encore at wynn Las Vegas,UK,Europe
15,5,12,Dec-Feb,Business,February,Sunday,4,YES,YES,NO,YES,YES,YES,2034,5,5,Encore at wynn Las Vegas,USA,North America
16,14,23,Mar-May,Couples,March,Friday,7,YES,YES,NO,YES,YES,YES,2034,5,5,Encore at wynn Las Vegas,USA,North America
113,38,27,Mar-May,Friends,March,Tuesday,1,YES,YES,NO,YES,YES,YES,2034,5,4,Encore at wynn Las Vegas,USA,North America
7,5,5,Mar-May,Families,April,Monday,7,YES,YES,NO,YES,YES,YES,2034,5,3,Encore at wynn Las Vegas,UK,Europe
73,32,99,Mar-May,Friends,April,Thursday,10,YES,YES,NO,YES,YES,YES,2034,5,4,Encore at wynn Las Vegas,Honduras,South America
35,12,3,Mar-May,Business,May,Friday,2,YES,YES,NO,YES,YES,YES,2034,5,5,Encore at wynn Las Vegas,USA,North America
139,20,86,Mar-May,Friends,May,Monday,5,YES,YES,NO,YES,YES,YES,2034,5,5,Encore at wynn Las Vegas,UK,Europe
28,12,30,Jun-Aug,Couples,June,Saturday,2,YES,YES,NO,YES,YES,YES,2034,5,5,Encore at wynn Las Vegas,UK,Europe
34,8,26,Jun-Aug,Business,June,Tuesday,4,YES,YES,NO,YES,YES,YES,2034,5,4,Encore at wynn Las Vegas,USA,North America
4,3,5,Jun-Aug,Friends,July,Thursday,3,YES,YES,NO,YES,YES,YES,2034,5,5,Encore at wynn Las Vegas,USA,North America
32,11,14,Jun-Aug,Families,July,Sunday,3,YES,YES,NO,YES,YES,YES,2034,5,5,Encore at wynn Las Vegas,USA,North America
9,3,4,Jun-Aug,Families,August,Thursday,1,YES,YES,NO,YES,YES,YES,2034,5,5,Encore at wynn Las Vegas,UK,Europe
333,58,200,Jun-Aug,Families,August,Sunday,4,YES,YES,NO,YES,YES,YES,2034,5,5,Encore at wynn Las Vegas,USA,North America
29,11,15,Sep-Nov,Couples,September,Monday,6,YES,YES,NO,YES,YES,YES,2034,5,5,Encore at wynn Las Vegas,USA,North America
85,43,68,Sep-Nov,Friends,September,Wednesday,5,YES,YES,NO,YES,YES,YES,2034,5,5,Encore at wynn Las Vegas,UK,Europe
12,5,1,Sep-Nov,Couples,October,Friday,5,YES,YES,NO,YES,YES,YES,2034,5,5,Encore at wynn Las Vegas,USA,North America
34,10,7,Sep-Nov,Business,October,Thursday,4,YES,YES,NO,YES,YES,YES,2034,5,4,Encore at wynn Las Vegas,UK,Europe
13,7,8,Sep-Nov,Couples,November,Sunday,5,YES,YES,NO,YES,YES,YES,2034,5,5,Encore at wynn Las Vegas,India,Asia
5,5,14,Sep-Nov,Couples,November,Sunday,5,YES,YES,NO,YES,YES,YES,2034,5,5,Encore at wynn Las Vegas,USA,North America
169,25,41,Dec-Feb,Friends,December,Tuesday,8,YES,YES,NO,YES,YES,YES,2034,5,5,Encore at wynn Las Vegas,USA,North America
11,10,6,Dec-Feb,Business,December,Tuesday,7,YES,YES,NO,YES,YES,YES,2034,5,5,Encore at wynn Las Vegas,USA,North America
4,3,2,Dec-Feb,Couples,January,Friday,6,YES,YES,NO,YES,YES,YES,1228,3,5,Hilton Grand Vacations on the Boulevard,USA,North America
50,39,48,Dec-Feb,Families,January,Thursday,10,YES,YES,NO,YES,YES,YES,1228,3,2,Hilton Grand Vacations on the Boulevard,USA,North America
10,3,1,Dec-Feb,Business,February,Tuesday,4,YES,YES,NO,YES,YES,YES,1228,3,5,Hilton Grand Vacations on the Boulevard,Mexico,North America
7,4,4,Dec-Feb,Couples,February,Friday,1,YES,YES,NO,YES,YES,YES,1228,3,5,Hilton Grand Vacations on the Boulevard,Canada,North America
60,7,42,Mar-May,Couples,March,Tuesday,8,YES,YES,NO,YES,YES,YES,1228,3,5,Hilton Grand Vacations on the Boulevard,UK,Europe
92,49,18,Mar-May,Couples,March,Thursday,5,YES,YES,NO,YES,YES,YES,1228,3,4,Hilton Grand Vacations on the Boulevard,Netherlands,Europe
106,37,58,Mar-May,Business,April,Wednesday,3,YES,YES,NO,YES,YES,YES,1228,3,4,Hilton Grand Vacations on the Boulevard,Australia,Oceania
7,5,45,Mar-May,Families,April,Monday,10,YES,YES,NO,YES,YES,YES,1228,3,4,Hilton Grand Vacations on the Boulevard,Canada,North America
37,31,38,Mar-May,Families,May,Friday,9,YES,YES,NO,YES,YES,YES,1228,3,5,Hilton Grand Vacations on the Boulevard,Brazil,South America
70,25,19,Mar-May,Couples,May,Friday,3,YES,YES,NO,YES,YES,YES,1228,3,1,Hilton Grand Vacations on the Boulevard,USA,North America
9,3,4,Jun-Aug,Friends,June,Monday,1,YES,YES,NO,YES,YES,YES,1228,3,5,Hilton Grand Vacations on the Boulevard,USA,North America
11,6,7,Jun-Aug,Solo,June,Monday,1,YES,YES,NO,YES,YES,YES,1228,3,5,Hilton Grand Vacations on the Boulevard,USA,North America
39,18,9,Jun-Aug,Families,July,Thursday,4,YES,YES,NO,YES,YES,YES,1228,3,4,Hilton Grand Vacations on the Boulevard,Finland,Europe
10,0,9,Jun-Aug,Families,July,Wednesday,1,YES,YES,NO,YES,YES,YES,1228,3,5,Hilton Grand Vacations on the Boulevard,UK,Europe
78,17,24,Jun-Aug,Couples,August,Monday,5,YES,YES,NO,YES,YES,YES,1228,3,4,Hilton Grand Vacations on the Boulevard,USA,North America
48,21,19,Jun-Aug,Families,August,Friday,4,YES,YES,NO,YES,YES,YES,1228,3,5,Hilton Grand Vacations on the Boulevard,UK,Europe
112,34,41,Sep-Nov,Families,September,Sunday,7,YES,YES,NO,YES,YES,YES,1228,3,5,Hilton Grand Vacations on the Boulevard,Canada,North America
28,17,14,Sep-Nov,Solo,September,Wednesday,2,YES,YES,NO,YES,YES,YES,1228,3,5,Hilton Grand Vacations on the Boulevard,USA,North America
11,3,16,Sep-Nov,Couples,October,Wednesday,2,YES,YES,NO,YES,YES,YES,1228,3,2,Hilton Grand Vacations on the Boulevard,UK,Europe
9,5,11,Sep-Nov,Business,October,Wednesday,9,YES,YES,NO,YES,YES,YES,1228,3,4,Hilton Grand Vacations on the Boulevard,USA,North America
4,4,1,Sep-Nov,Families,November,Wednesday,0,YES,YES,NO,YES,YES,YES,1228,3,3,Hilton Grand Vacations on the Boulevard,USA,North America
22,15,25,Sep-Nov,Families,November,Monday,6,YES,YES,NO,YES,YES,YES,1228,3,4,Hilton Grand Vacations on the Boulevard,Mexico,North America
42,11,36,Dec-Feb,Couples,December,Monday,7,YES,YES,NO,YES,YES,YES,1228,3,5,Hilton Grand Vacations on the Boulevard,USA,North America
20,16,9,Dec-Feb,Couples,December,Tuesday,7,YES,YES,NO,YES,YES,YES,1228,3,4,Hilton Grand Vacations on the Boulevard,Australia,Oceania
160,34,88,Dec-Feb,Business,January,Saturday,6,YES,YES,NO,NO,YES,YES,732,3,4,Marriott's Grand Chateau,Canada,North America
372,78,169,Dec-Feb,Business,January,Sunday,4,YES,YES,NO,NO,YES,YES,732,3,4,Marriott's Grand Chateau,USA,North America
84,18,36,Dec-Feb,Families,February,Wednesday,4,YES,YES,NO,NO,YES,YES,732,3,5,Marriott's Grand Chateau,USA,North America
21,13,20,Dec-Feb,Business,February,Thursday,5,YES,YES,NO,NO,YES,YES,732,3,5,Marriott's Grand Chateau,USA,North America
95,37,55,Mar-May,Friends,March,Tuesday,6,YES,YES,NO,NO,YES,YES,732,3,4,Marriott's Grand Chateau,UK,Europe
118,107,131,Mar-May,Business,March,Monday,10,YES,YES,NO,NO,YES,YES,732,3,5,Marriott's Grand Chateau,Germany,Europe
6,0,8,Mar-May,Couples,April,Wednesday,10,YES,YES,NO,NO,YES,YES,732,3,5,Marriott's Grand Chateau,Canada,North America
60,4,31,Mar-May,Couples,April,Tuesday,2,YES,YES,NO,NO,YES,YES,732,3,4,Marriott's Grand Chateau,USA,North America
275,79,339,Mar-May,Couples,May,Sunday,7,YES,YES,NO,NO,YES,YES,732,3,4,Marriott's Grand Chateau,Australia,Oceania
46,39,42,Mar-May,Business,May,Wednesday,6,YES,YES,NO,NO,YES,YES,732,3,4,Marriott's Grand Chateau,Canada,North America
6,5,6,Jun-Aug,Families,June,Tuesday,4,YES,YES,NO,NO,YES,YES,732,3,5,Marriott's Grand Chateau,USA,North America
11,0,5,Jun-Aug,Families,June,Thursday,0,YES,YES,NO,NO,YES,YES,732,3,5,Marriott's Grand Chateau,Australia,Oceania
75,37,48,Jun-Aug,Couples,July,Saturday,6,YES,YES,NO,NO,YES,YES,732,3,5,Marriott's Grand Chateau,USA,North America
240,76,115,Jun-Aug,Couples,July,Monday,3,YES,YES,NO,NO,YES,YES,732,3,5,Marriott's Grand Chateau,Denmark,Europe
20,12,7,Jun-Aug,Families,August,Wednesday,1,YES,YES,NO,NO,YES,YES,732,3,5,Marriott's Grand Chateau,Taiwan,Asia
62,40,25,Jun-Aug,Families,August,Sunday,5,YES,YES,NO,NO,YES,YES,732,3,5,Marriott's Grand Chateau,Israel,Asia
88,19,58,Sep-Nov,Friends,September,Wednesday,1,YES,YES,NO,NO,YES,YES,732,3,5,Marriott's Grand Chateau,Hawaii,North America
6,3,5,Sep-Nov,Friends,September,Tuesday,0,YES,YES,NO,NO,YES,YES,732,3,5,Marriott's Grand Chateau,USA,North America
18,9,8,Sep-Nov,Business,October,Monday,7,YES,YES,NO,NO,YES,YES,732,3,3,Marriott's Grand Chateau,Thailand,Asia
159,43,78,Sep-Nov,Families,October,Wednesday,4,YES,YES,NO,NO,YES,YES,732,3,5,Marriott's Grand Chateau,Mexico,North America
47,23,20,Sep-Nov,Couples,November,Thursday,1,YES,YES,NO,NO,YES,YES,732,3,4,Marriott's Grand Chateau,Kuwait,Asia
86,12,46,Sep-Nov,Couples,November,Sunday,5,YES,YES,NO,NO,YES,YES,732,3,4,Marriott's Grand Chateau,Norway,Europe
42,9,13,Dec-Feb,Couples,December,Tuesday,1,YES,YES,NO,NO,YES,YES,732,3,5,Marriott's Grand Chateau,USA,North America
64,33,23,Dec-Feb,Families,December,Thursday,7,YES,YES,NO,NO,YES,YES,732,3,4,Marriott's Grand Chateau,Germany,Europe
167,71,119,Dec-Feb,Couples,January,Saturday,8,YES,YES,YES,YES,YES,YES,716,3,5,Tuscany Las Vegas Suites & Casino,USA,North America
25,5,12,Dec-Feb,Friends,January,Thursday,8,YES,YES,YES,YES,YES,YES,716,3,5,Tuscany Las Vegas Suites & Casino,USA,North America
12,12,6,Dec-Feb,Business,February,Friday,4,YES,YES,YES,YES,YES,YES,716,3,3,Tuscany Las Vegas Suites & Casino,UK,Europe
608,117,319,Dec-Feb,Business,February,Saturday,5,YES,YES,YES,YES,YES,YES,716,3,5,Tuscany Las Vegas Suites & Casino,USA,North America
5,4,3,Mar-May,Friends,March,Sunday,8,YES,YES,YES,YES,YES,YES,716,3,5,Tuscany Las Vegas Suites & Casino,USA,North America
26,17,34,Mar-May,Couples,March,Thursday,7,YES,YES,YES,YES,YES,YES,716,3,5,Tuscany Las Vegas Suites & Casino,USA,North America
11,5,9,Mar-May,Couples,April,Monday,7,YES,YES,YES,YES,YES,YES,716,3,5,Tuscany Las Vegas Suites & Casino,Brazil,South America
39,10,13,Mar-May,Couples,April,Wednesday,3,YES,YES,YES,YES,YES,YES,716,3,4,Tuscany Las Vegas Suites & Casino,USA,North America
1,0,3,Mar-May,Families,May,Thursday,0,YES,YES,YES,YES,YES,YES,716,3,2,Tuscany Las Vegas Suites & Casino,India,Asia
108,20,22,Mar-May,Business,May,Thursday,5,YES,YES,YES,YES,YES,YES,716,3,3,Tuscany Las Vegas Suites & Casino,USA,North America
119,20,46,Jun-Aug,Friends,June,Sunday,1,YES,YES,YES,YES,YES,YES,716,3,5,Tuscany Las Vegas Suites & Casino,Malaysia,Asia
27,15,17,Jun-Aug,Couples,June,Tuesday,6,YES,YES,YES,YES,YES,YES,716,3,3,Tuscany Las Vegas Suites & Casino,USA,North America
55,55,134,Jun-Aug,Couples,July,Wednesday,5,YES,YES,YES,YES,YES,YES,716,3,5,Tuscany Las Vegas Suites & Casino,Germany,Europe
7,3,7,Jun-Aug,Business,July,Friday,3,YES,YES,YES,YES,YES,YES,716,3,4,Tuscany Las Vegas Suites & Casino,Canada,North America
3,3,2,Jun-Aug,Business,August,Wednesday,0,YES,YES,YES,YES,YES,YES,716,3,3,Tuscany Las Vegas Suites & Casino,Canada,North America
11,3,19,Jun-Aug,Couples,August,Monday,6,YES,YES,YES,YES,YES,YES,716,3,4,Tuscany Las Vegas Suites & Casino,USA,North America
27,15,16,Sep-Nov,Couples,September,Sunday,5,YES,YES,YES,YES,YES,YES,716,3,5,Tuscany Las Vegas Suites & Casino,Australia,Oceania
13,4,6,Sep-Nov,Couples,September,Wednesday,0,YES,YES,YES,YES,YES,YES,716,3,5,Tuscany Las Vegas Suites & Casino,USA,North America
19,11,14,Sep-Nov,Couples,October,Sunday,5,YES,YES,YES,YES,YES,YES,716,3,3,Tuscany Las Vegas Suites & Casino,UK,Europe
38,12,17,Sep-Nov,Business,October,Friday,7,YES,YES,YES,YES,YES,YES,716,3,5,Tuscany Las Vegas Suites & Casino,Canada,North America
167,71,119,Sep-Nov,Couples,November,Sunday,8,YES,YES,YES,YES,YES,YES,716,3,4,Tuscany Las Vegas Suites & Casino,USA,North America
28,6,9,Sep-Nov,Business,November,Tuesday,3,YES,YES,YES,YES,YES,YES,716,3,3,Tuscany Las Vegas Suites & Casino,USA,North America
9,8,5,Dec-Feb,Families,December,Sunday,4,YES,YES,YES,YES,YES,YES,716,3,5,Tuscany Las Vegas Suites & Casino,Canada,North America
13,4,4,Dec-Feb,Friends,December,Tuesday,5,YES,YES,YES,YES,YES,YES,716,3,5,Tuscany Las Vegas Suites & Casino,USA,North America
65,24,72,Dec-Feb,Business,January,Monday,6,YES,YES,NO,NO,NO,YES,315,3,3,Hilton Grand Vacations at the Flamingo,USA,North America
8,3,3,Dec-Feb,Couples,January,Thursday,3,YES,YES,NO,NO,NO,YES,315,3,5,Hilton Grand Vacations at the Flamingo,USA,North America
61,13,26,Dec-Feb,Couples,February,Sunday,4,YES,YES,NO,NO,NO,YES,315,3,2,Hilton Grand Vacations at the Flamingo,UK,Europe
3,3,8,Dec-Feb,Families,February,Saturday,1,YES,YES,NO,NO,NO,YES,315,3,2,Hilton Grand Vacations at the Flamingo,USA,North America
66,13,21,Mar-May,Friends,March,Friday,9,YES,YES,NO,NO,NO,YES,315,3,5,Hilton Grand Vacations at the Flamingo,USA,North America
9,7,4,Mar-May,Couples,March,Tuesday,2,YES,YES,NO,NO,NO,YES,315,3,5,Hilton Grand Vacations at the Flamingo,Hawaii,North America
82,14,61,Mar-May,Families,April,Wednesday,1,YES,YES,NO,NO,NO,YES,315,3,3,Hilton Grand Vacations at the Flamingo,Hawaii,North America
113,48,33,Mar-May,Families,April,Sunday,4,YES,YES,NO,NO,NO,YES,315,3,3,Hilton Grand Vacations at the Flamingo,Canada,North America
11,8,12,Mar-May,Friends,May,Sunday,6,YES,YES,NO,NO,NO,YES,315,3,3,Hilton Grand Vacations at the Flamingo,USA,North America
2,1,1,Mar-May,Families,May,Tuesday,3,YES,YES,NO,NO,NO,YES,315,3,3,Hilton Grand Vacations at the Flamingo,Canada,North America
31,11,24,Jun-Aug,Couples,June,Wednesday,2,YES,YES,NO,NO,NO,YES,315,3,5,Hilton Grand Vacations at the Flamingo,USA,North America
32,12,22,Jun-Aug,Couples,June,Wednesday,5,YES,YES,NO,NO,NO,YES,315,3,4,Hilton Grand Vacations at the Flamingo,Australia,Oceania
56,7,25,Jun-Aug,Families,July,Sunday,7,YES,YES,NO,NO,NO,YES,315,3,3,Hilton Grand Vacations at the Flamingo,USA,North America
45,6,22,Jun-Aug,Couples,July,Thursday,3,YES,YES,NO,NO,NO,YES,315,3,5,Hilton Grand Vacations at the Flamingo,Canada,North America
17,4,4,Jun-Aug,Families,August,Sunday,0,YES,YES,NO,NO,NO,YES,315,3,4,Hilton Grand Vacations at the Flamingo,USA,North America
23,23,11,Jun-Aug,Families,August,Sunday,1,YES,YES,NO,NO,NO,YES,315,3,5,Hilton Grand Vacations at the Flamingo,USA,North America
56,18,24,Sep-Nov,Friends,September,Saturday,4,YES,YES,NO,NO,NO,YES,315,3,5,Hilton Grand Vacations at the Flamingo,Canada,North America
290,263,300,Sep-Nov,Business,September,Saturday,10,YES,YES,NO,NO,NO,YES,315,3,4,Hilton Grand Vacations at the Flamingo,USA,North America
26,7,9,Sep-Nov,Families,October,Friday,0,YES,YES,NO,NO,NO,YES,315,3,4,Hilton Grand Vacations at the Flamingo,Australia,Oceania
116,44,53,Sep-Nov,Couples,October,Saturday,5,YES,YES,NO,NO,NO,YES,315,3,4,Hilton Grand Vacations at the Flamingo,India,Asia
14,5,15,Sep-Nov,Business,November,Thursday,5,YES,YES,NO,NO,NO,YES,315,3,4,Hilton Grand Vacations at the Flamingo,Czech Republic,Europe
13,7,1,Sep-Nov,Business,November,Sunday,4,YES,YES,NO,NO,NO,YES,315,3,5,Hilton Grand Vacations at the Flamingo,USA,North America
20,9,25,Dec-Feb,Couples,December,Tuesday,8,YES,YES,NO,NO,NO,YES,315,3,4,Hilton Grand Vacations at the Flamingo,USA,North America
3,3,3,Dec-Feb,Families,December,Wednesday,2,YES,YES,NO,NO,NO,YES,315,3,5,Hilton Grand Vacations at the Flamingo,Mexico,North America
17,3,12,Dec-Feb,Friends,January,Monday,2,YES,YES,YES,NO,NO,YES,787,3,4,Wyndham Grand Desert,USA,North America
21,11,13,Dec-Feb,Families,January,Sunday,4,YES,YES,YES,NO,NO,YES,787,3,5,Wyndham Grand Desert,Australia,Oceania
60,11,33,Dec-Feb,Couples,February,Thursday,3,YES,YES,YES,NO,NO,YES,787,3,5,Wyndham Grand Desert,USA,North America
12,4,15,Dec-Feb,Couples,February,Monday,11,YES,YES,YES,NO,NO,YES,787,3,5,Wyndham Grand Desert,Canada,North America
27,12,51,Mar-May,Friends,March,Tuesday,4,YES,YES,YES,NO,NO,YES,787,3,5,Wyndham Grand Desert,USA,North America
34,12,35,Mar-May,Couples,March,Tuesday,3,YES,YES,YES,NO,NO,YES,787,3,4,Wyndham Grand Desert,USA,North America
69,22,38,Mar-May,Families,April,Thursday,6,YES,YES,YES,NO,NO,YES,787,3,5,Wyndham Grand Desert,Canada,North America
16,4,7,Mar-May,Couples,April,Saturday,4,YES,YES,YES,NO,NO,YES,787,3,5,Wyndham Grand Desert,USA,North America
26,5,5,Mar-May,Families,May,Thursday,1,YES,YES,YES,NO,NO,YES,787,3,4,Wyndham Grand Desert,Australia,Oceania
54,10,15,Mar-May,Business,May,Tuesday,5,YES,YES,YES,NO,NO,YES,787,3,4,Wyndham Grand Desert,USA,North America
35,17,27,Jun-Aug,Couples,June,Tuesday,6,YES,YES,YES,NO,NO,YES,787,3,5,Wyndham Grand Desert,UK,Europe
23,12,7,Jun-Aug,Families,June,Saturday,7,YES,YES,YES,NO,NO,YES,787,3,5,Wyndham Grand Desert,India,Asia
6,3,14,Jun-Aug,Families,July,Sunday,3,YES,YES,YES,NO,NO,YES,787,3,5,Wyndham Grand Desert,UK,Europe
27,8,16,Jun-Aug,Friends,July,Thursday,4,YES,YES,YES,NO,NO,YES,787,3,4,Wyndham Grand Desert,USA,North America
41,8,14,Jun-Aug,Families,August,Wednesday,4,YES,YES,YES,NO,NO,YES,787,3,3,Wyndham Grand Desert,USA,North America
12,4,6,Jun-Aug,Couples,August,Monday,2,YES,YES,YES,NO,NO,YES,787,3,5,Wyndham Grand Desert,Canada,North America
14,3,14,Sep-Nov,Friends,September,Tuesday,6,YES,YES,YES,NO,NO,YES,787,3,5,Wyndham Grand Desert,USA,North America
415,162,265,Sep-Nov,Business,September,Sunday,8,YES,YES,YES,NO,NO,YES,787,3,4,Wyndham Grand Desert,USA,North America
76,27,32,Sep-Nov,Couples,October,Thursday,6,YES,YES,YES,NO,NO,YES,787,3,3,Wyndham Grand Desert,Ireland,Europe
24,12,30,Sep-Nov,Couples,October,Monday,4,YES,YES,YES,NO,NO,YES,787,3,4,Wyndham Grand Desert,UK,Europe
23,9,23,Sep-Nov,Families,November,Monday,4,YES,YES,YES,NO,NO,YES,787,3,3,Wyndham Grand Desert,Japan,Asia
182,24,47,Sep-Nov,Families,November,Sunday,2,YES,YES,YES,NO,NO,YES,787,3,4,Wyndham Grand Desert,USA,North America
289,28,133,Dec-Feb,Families,December,Tuesday,5,YES,YES,YES,NO,NO,YES,787,3,4,Wyndham Grand Desert,USA,North America
101,35,46,Dec-Feb,Friends,December,Saturday,5,YES,YES,YES,NO,NO,YES,787,3,5,Wyndham Grand Desert,Canada,North America
31,11,20,Dec-Feb,Business,January,Friday,2,YES,YES,NO,YES,YES,YES,4027,5,4,The Venetian Las Vegas Hotel,Ireland,Europe
20,6,9,Dec-Feb,Solo,January,Wednesday,0,YES,YES,NO,YES,YES,YES,4027,5,5,The Venetian Las Vegas Hotel,USA,North America
60,16,15,Dec-Feb,Families,February,Saturday,5,YES,YES,NO,YES,YES,YES,4027,5,4,The Venetian Las Vegas Hotel,USA,North America
1,0,2,Dec-Feb,Couples,February,Sunday,0,YES,YES,NO,YES,YES,YES,4027,5,5,The Venetian Las Vegas Hotel,Mexico,North America
9,3,13,Mar-May,Couples,March,Thursday,2,YES,YES,NO,YES,YES,YES,4027,5,3,The Venetian Las Vegas Hotel,USA,North America
19,7,5,Mar-May,Couples,March,Wednesday,5,YES,YES,NO,YES,YES,YES,4027,5,5,The Venetian Las Vegas Hotel,USA,North America
116,78,206,Mar-May,Couples,April,Sunday,9,YES,YES,NO,YES,YES,YES,4027,5,5,The Venetian Las Vegas Hotel,Israel,Asia
22,13,26,Mar-May,Couples,April,Friday,2,YES,YES,NO,YES,YES,YES,4027,5,4,The Venetian Las Vegas Hotel,Australia,Oceania
83,10,26,Mar-May,Families,May,Tuesday,1,YES,YES,NO,YES,YES,YES,4027,5,4,The Venetian Las Vegas Hotel,Australia,Oceania
20,3,9,Mar-May,Couples,May,Monday,0,YES,YES,NO,YES,YES,YES,4027,5,5,The Venetian Las Vegas Hotel,UK,Europe
7,5,6,Jun-Aug,Couples,June,Monday,1,YES,YES,NO,YES,YES,YES,4027,5,5,The Venetian Las Vegas Hotel,USA,North America
95,34,46,Jun-Aug,Business,June,Sunday,6,YES,YES,NO,YES,YES,YES,4027,5,5,The Venetian Las Vegas Hotel,USA,North America
15,6,19,Jun-Aug,Couples,July,Wednesday,4,YES,YES,NO,YES,YES,YES,4027,5,4,The Venetian Las Vegas Hotel,Australia,Oceania
13,7,12,Jun-Aug,Couples,July,Sunday,5,YES,YES,NO,YES,YES,YES,4027,5,4,The Venetian Las Vegas Hotel,UK,Europe
19,8,24,Jun-Aug,Families,August,Wednesday,10,YES,YES,NO,YES,YES,YES,4027,5,5,The Venetian Las Vegas Hotel,Canada,North America
21,6,15,Jun-Aug,Couples,August,Saturday,3,YES,YES,NO,YES,YES,YES,4027,5,5,The Venetian Las Vegas Hotel,UK,Europe
56,11,14,Sep-Nov,Couples,September,Friday,5,YES,YES,NO,YES,YES,YES,4027,5,5,The Venetian Las Vegas Hotel,UK,Europe
29,7,15,Sep-Nov,Couples,September,Thursday,7,YES,YES,NO,YES,YES,YES,4027,5,5,The Venetian Las Vegas Hotel,UK,Europe
20,0,8,Sep-Nov,Couples,October,Friday,2,YES,YES,NO,YES,YES,YES,4027,5,5,The Venetian Las Vegas Hotel,Brazil,South America
39,20,31,Sep-Nov,Couples,October,Thursday,8,YES,YES,NO,YES,YES,YES,4027,5,4,The Venetian Las Vegas Hotel,UK,Europe
9,6,3,Sep-Nov,Friends,November,Saturday,5,YES,YES,NO,YES,YES,YES,4027,5,5,The Venetian Las Vegas Hotel,Switzerland,Europe
43,38,29,Sep-Nov,Couples,November,Saturday,4,YES,YES,NO,YES,YES,YES,4027,5,5,The Venetian Las Vegas Hotel,Australia,Oceania
16,10,11,Dec-Feb,Families,December,Thursday,9,YES,YES,NO,YES,YES,YES,4027,5,5,The Venetian Las Vegas Hotel,Singapore,Asia
6,6,12,Dec-Feb,Couples,December,Wednesday,10,YES,YES,NO,YES,YES,YES,4027,5,4,The Venetian Las Vegas Hotel,USA,North America
16,6,3,Dec-Feb,Solo,January,Saturday,3,YES,YES,NO,YES,YES,YES,3933,5,4,Bellagio Las Vegas,Australia,Oceania
15,3,13,Dec-Feb,Families,January,Thursday,5,YES,YES,NO,YES,YES,YES,3933,5,5,Bellagio Las Vegas,USA,North America
30,6,26,Dec-Feb,Couples,February,Tuesday,3,YES,YES,NO,YES,YES,YES,3933,5,4,Bellagio Las Vegas,USA,North America
41,9,111,Dec-Feb,Business,February,Friday,1,YES,YES,NO,YES,YES,YES,3933,5,5,Bellagio Las Vegas,USA,North America
44,35,53,Mar-May,Couples,March,Tuesday,6,YES,YES,NO,YES,YES,YES,3933,5,5,Bellagio Las Vegas,India,Asia
30,9,17,Mar-May,Business,March,Tuesday,0,YES,YES,NO,YES,YES,YES,3933,5,2,Bellagio Las Vegas,USA,North America
23,10,18,Mar-May,Business,April,Monday,4,YES,YES,NO,YES,YES,YES,3933,5,5,Bellagio Las Vegas,Ireland,Europe
3,0,8,Mar-May,Families,April,Tuesday,3,YES,YES,NO,YES,YES,YES,3933,5,2,Bellagio Las Vegas,Spain,Europe
12,6,16,Mar-May,Friends,May,Friday,3,YES,YES,NO,YES,YES,YES,3933,5,3,Bellagio Las Vegas,UK,Europe
15,6,17,Mar-May,Couples,May,Thursday,1,YES,YES,NO,YES,YES,YES,3933,5,5,Bellagio Las Vegas,UK,Europe
5,0,5,Jun-Aug,Families,June,Wednesday,0,YES,YES,NO,YES,YES,YES,3933,5,5,Bellagio Las Vegas,UK,Europe
32,5,11,Jun-Aug,Business,June,Sunday,6,YES,YES,NO,YES,YES,YES,3933,5,4,Bellagio Las Vegas,USA,North America
28,5,23,Jun-Aug,Couples,July,Friday,5,YES,YES,NO,YES,YES,YES,3933,5,5,Bellagio Las Vegas,USA,North America
77,18,48,Jun-Aug,Families,July,Saturday,10,YES,YES,NO,YES,YES,YES,3933,5,4,Bellagio Las Vegas,Korea,Asia
11,8,2,Jun-Aug,Solo,August,Monday,0,YES,YES,NO,YES,YES,YES,3933,5,4,Bellagio Las Vegas,USA,North America
102,25,37,Jun-Aug,Families,August,Sunday,6,YES,YES,NO,YES,YES,YES,3933,5,5,Bellagio Las Vegas,Scotland,Europe
13,3,2,Sep-Nov,Couples,September,Tuesday,6,YES,YES,NO,YES,YES,YES,3933,5,5,Bellagio Las Vegas,Ireland,Europe
62,13,31,Sep-Nov,Business,September,Tuesday,2,YES,YES,NO,YES,YES,YES,3933,5,4,Bellagio Las Vegas,USA,North America
26,22,42,Sep-Nov,Couples,October,Sunday,5,YES,YES,NO,YES,YES,YES,3933,5,5,Bellagio Las Vegas,UK,Europe
13,6,12,Sep-Nov,Couples,October,Saturday,1,YES,YES,NO,YES,YES,YES,3933,5,4,Bellagio Las Vegas,UK,Europe
26,18,43,Sep-Nov,Friends,November,Monday,4,YES,YES,NO,YES,YES,YES,3933,5,5,Bellagio Las Vegas,UK,Europe
17,10,39,Sep-Nov,Friends,November,Saturday,3,YES,YES,NO,YES,YES,YES,3933,5,5,Bellagio Las Vegas,Canada,North America
4,4,1,Dec-Feb,Business,December,Monday,1,YES,YES,NO,YES,YES,YES,3933,5,4,Bellagio Las Vegas,India,Asia
20,18,19,Dec-Feb,Families,December,Friday,4,YES,YES,NO,YES,YES,YES,3933,5,2,Bellagio Las Vegas,Malaysia,Asia
14,3,7,Dec-Feb,Couples,January,Saturday,7,YES,YES,NO,YES,YES,YES,2916,4,4,Paris Las Vegas,USA,North America
19,3,12,Dec-Feb,Couples,January,Wednesday,1,YES,YES,NO,YES,YES,YES,2916,4,5,Paris Las Vegas,Canada,North America
4,4,2,Dec-Feb,Couples,February,Wednesday,1,YES,YES,NO,YES,YES,YES,2916,4,2,Paris Las Vegas,USA,North America
116,12,43,Dec-Feb,Friends,February,Tuesday,4,YES,YES,NO,YES,YES,YES,2916,4,4,Paris Las Vegas,USA,North America
121,13,59,Mar-May,Couples,March,Tuesday,9,YES,YES,NO,YES,YES,YES,2916,4,2,Paris Las Vegas,USA,North America
14,7,6,Mar-May,Couples,March,Friday,2,YES,YES,NO,YES,YES,YES,2916,4,5,Paris Las Vegas,USA,North America
56,16,54,Mar-May,Business,April,Tuesday,9,YES,YES,NO,YES,YES,YES,2916,4,4,Paris Las Vegas,USA,North America
73,4,39,Mar-May,Friends,April,Monday,3,YES,YES,NO,YES,YES,YES,2916,4,3,Paris Las Vegas,Canada,North America
9,5,4,Mar-May,Friends,May,Thursday,6,YES,YES,NO,YES,YES,YES,2916,4,5,Paris Las Vegas,USA,North America
137,42,51,Mar-May,Couples,May,Sunday,5,YES,YES,NO,YES,YES,YES,2916,4,3,Paris Las Vegas,USA,North America
30,12,38,Jun-Aug,Couples,June,Saturday,4,YES,YES,NO,YES,YES,YES,2916,4,5,Paris Las Vegas,Australia,Oceania
130,19,49,Jun-Aug,Couples,June,Sunday,6,YES,YES,NO,YES,YES,YES,2916,4,3,Paris Las Vegas,Costa Rica,North America
50,15,23,Jun-Aug,Couples,July,Friday,3,YES,YES,NO,YES,YES,YES,2916,4,4,Paris Las Vegas,USA,North America
22,9,11,Jun-Aug,Families,July,Wednesday,3,YES,YES,NO,YES,YES,YES,2916,4,4,Paris Las Vegas,UK,Europe
85,37,65,Jun-Aug,Families,August,Friday,4,YES,YES,NO,YES,YES,YES,2916,4,5,Paris Las Vegas,Egypt,Africa
73,7,26,Jun-Aug,Couples,August,Thursday,3,YES,YES,NO,YES,YES,YES,2916,4,5,Paris Las Vegas,USA,North America
20,10,27,Sep-Nov,Couples,September,Thursday,2,YES,YES,NO,YES,YES,YES,2916,4,4,Paris Las Vegas,USA,North America
13,6,13,Sep-Nov,Couples,September,Tuesday,2,YES,YES,NO,YES,YES,YES,2916,4,5,Paris Las Vegas,Canada,North America
18,3,10,Sep-Nov,Couples,October,Monday,2,YES,YES,NO,YES,YES,YES,2916,4,2,Paris Las Vegas,Canada,North America
6,4,6,Sep-Nov,Couples,October,Saturday,0,YES,YES,NO,YES,YES,YES,2916,4,5,Paris Las Vegas,USA,North America
48,8,25,Sep-Nov,Couples,November,Monday,6,YES,YES,NO,YES,YES,YES,2916,4,4,Paris Las Vegas,USA,North America
24,3,5,Sep-Nov,Couples,November,Sunday,0,YES,YES,NO,YES,YES,YES,2916,4,5,Paris Las Vegas,USA,North America
123,26,63,Dec-Feb,Couples,December,Saturday,4,YES,YES,NO,YES,YES,YES,2916,4,5,Paris Las Vegas,Canada,North America
24,7,6,Dec-Feb,Friends,December,Thursday,1,YES,YES,NO,YES,YES,YES,2916,4,4,Paris Las Vegas,USA,North America
20,13,17,Dec-Feb,Couples,January,Monday,4,YES,YES,NO,YES,YES,YES,826,4,4,The Westin las Vegas Hotel Casino & Spa,Canada,North America
15,3,4,Dec-Feb,Families,January,Tuesday,7,YES,YES,NO,YES,YES,YES,826,4,3,The Westin las Vegas Hotel Casino & Spa,USA,North America
189,72,129,Dec-Feb,Solo,February,Friday,3,YES,YES,NO,YES,YES,YES,826,4,4,The Westin las Vegas Hotel Casino & Spa,Italy,Europe
25,19,27,Dec-Feb,Couples,February,Monday,8,YES,YES,NO,YES,YES,YES,826,4,3,The Westin las Vegas Hotel Casino & Spa,USA,North America
33,11,12,Mar-May,Business,March,Wednesday,4,YES,YES,NO,YES,YES,YES,826,4,5,The Westin las Vegas Hotel Casino & Spa,USA,North America
14,7,13,Mar-May,Friends,March,Thursday,4,YES,YES,NO,YES,YES,YES,826,4,5,The Westin las Vegas Hotel Casino & Spa,USA,North America
38,22,47,Mar-May,Business,April,Monday,4,YES,YES,NO,YES,YES,YES,826,4,4,The Westin las Vegas Hotel Casino & Spa,USA,North America
169,43,85,Mar-May,Solo,April,Sunday,12,YES,YES,NO,YES,YES,YES,826,4,4,The Westin las Vegas Hotel Casino & Spa,Egypt,Africa
20,17,21,Mar-May,Friends,May,Sunday,4,YES,YES,NO,YES,YES,YES,826,4,3,The Westin las Vegas Hotel Casino & Spa,USA,North America
17,10,18,Mar-May,Couples,May,Tuesday,3,YES,YES,NO,YES,YES,YES,826,4,4,The Westin las Vegas Hotel Casino & Spa,USA,North America
96,47,161,Jun-Aug,Solo,June,Monday,11,YES,YES,NO,YES,YES,YES,826,4,4,The Westin las Vegas Hotel Casino & Spa,USA,North America
38,13,11,Jun-Aug,Business,June,Sunday,5,YES,YES,NO,YES,YES,YES,826,4,3,The Westin las Vegas Hotel Casino & Spa,USA,North America
12,11,9,Jun-Aug,Families,July,Monday,6,YES,YES,NO,YES,YES,YES,826,4,4,The Westin las Vegas Hotel Casino & Spa,India,Asia
9,8,1,Jun-Aug,Couples,July,Monday,6,YES,YES,NO,YES,YES,YES,826,4,5,The Westin las Vegas Hotel Casino & Spa,USA,North America
23,21,22,Jun-Aug,Families,August,Wednesday,7,YES,YES,NO,YES,YES,YES,826,4,3,The Westin las Vegas Hotel Casino & Spa,USA,North America
21,6,3,Jun-Aug,Couples,August,Tuesday,5,YES,YES,NO,YES,YES,YES,826,4,4,The Westin las Vegas Hotel Casino & Spa,USA,North America
30,27,19,Sep-Nov,Solo,September,Friday,6,YES,YES,NO,YES,YES,YES,826,4,5,The Westin las Vegas Hotel Casino & Spa,USA,North America
63,16,59,Sep-Nov,Couples,September,Wednesday,11,YES,YES,NO,YES,YES,YES,826,4,3,The Westin las Vegas Hotel Casino & Spa,USA,North America
35,3,25,Sep-Nov,Couples,October,Monday,1,YES,YES,NO,YES,YES,YES,826,4,5,The Westin las Vegas Hotel Casino & Spa,UK,Europe
15,4,8,Sep-Nov,Couples,October,Sunday,1,YES,YES,NO,YES,YES,YES,826,4,5,The Westin las Vegas Hotel Casino & Spa,UK,Europe
50,13,29,Sep-Nov,Couples,November,Thursday,8,YES,YES,NO,YES,YES,YES,826,4,4,The Westin las Vegas Hotel Casino & Spa,Canada,North America
154,23,31,Sep-Nov,Friends,November,Thursday,4,YES,YES,NO,YES,YES,YES,826,4,4,The Westin las Vegas Hotel Casino & Spa,USA,North America
9,6,5,Dec-Feb,Families,December,Wednesday,9,YES,YES,NO,YES,YES,YES,826,4,2,The Westin las Vegas Hotel Casino & Spa,USA,North America
20,19,112,Dec-Feb,Families,December,Tuesday,5,YES,YES,NO,YES,YES,YES,826,4,4,The Westin las Vegas Hotel Casino & Spa,USA,North America